"ID",
"TIME",
"OUT_NO",
"PMT_TAG",
"PMT_NAME",
"ORD_NAME",
"ORIGINAL_AMOUNT",
"TRADE_AMOUNT",
"TRADE_ACCOUNT",
"TRADE_NO",
"REMARK",
"TAG",
"ORD_NO",
"ORD_MCT_ID",
"ORD_SHOP_ID",
"TRADE_QRCODE",
"STATUS",
"TRADE_PAY_TIME",
"RESOURCE_ID",
"PROJECT_ID",
"BEGIN_MONTH",
"END_MONTH",
"USER_PHONE_NUM",
"CHARGE_TYPE",
"OPEN_ID",
"ACT_TYPE",
"CUST_ID",
"RY",
"SRC_YR_PROJECT_ID",
"THIRD_NOTIFY_URL",
"PAY_SOURCE_TYPE",
"SOURCE_TYPE",
"SHARE_ID",
"ROOM_NAME",
"PROJECT_NAME",
"PAY_TYPE",
"YR_BILL_STATUS",
"DETAILS",
"update_time",
